sku;umbrae;mse;gmrae;mae;mdrae;me;rae;rmse;smape;std_ae;mape;maape;mase;mre;smdape;mda;mrae;mdae;rmdspe;rrse;rmspe;inrse;mpe;gmae;nrmse;mad;std_ape;mdape;rmsse;mbrae
60191215;1.882514353459928;2.4401137222095852;5532.1111196083;1.3727974195713861;1.1924143378268717;-0.5525301933698817;1.401397365802238;1.5620863363494302;1.407812244692785;2.5082011228843313;8495582771.245236;1.1012666115341616;0.9392824449698958;-4028554904.629628;1.999999999772828;0.23076923076923078;4232192028.3073153;1.3252353366761982;8804384914.851774;1.254285141279736;11973996794.685532;1.254285141279736;-8495582770.9559;1.0478536245687586;0.39052158408735754;1.3727974195713861;19687206520.300358;8804225875.05965;1.068795914344347;0.6530806520357187
60191530;1.5234953343415745;0.9847763780200196;3887.4667507419067;0.8566161479177311;1.0992856112865788;-0.25073886415326463;1.1659497568766874;0.9923589965430956;1.3969296617695797;1.52098099211677;5247615216.199137;1.0727270967823659;0.9280008269108753;-2814801584.918619;1.9999999995779258;0.23076923076923078;2814801585.69854;0.7972912096137887;4738876242.954178;1.108784179754293;7428590852.352355;1.108784179754293;-5247615215.873458;0.6944436730524732;0.3307863321810319;0.8566161479177311;12181792901.64455;4738752049.712193;1.0750555795883534;0.6037242524718525
60388524;1.6271660072063894;4.173897685291439;1021.1706723905288;1.575659720288725;1.345041810245109;0.9316677146690301;1.4567420055403337;2.0430119151124497;1.022295224669114;2.001704297160425;0.8035974572418864;0.5994917321234222;1.0780829665133382;4309820911.52509;1.1935000288067872;0.46153846153846156;4309820911.873749;1.1844415663594392;0.7786695445721274;1.3335829038942275;1.0029502587584662;1.3335829038942275;0.2927429185643127;1.1091674403018466;0.340501985852075;1.575659720288725;1.127849018402947;0.7786693995783434;1.3978502577085183;0.6193617010661023
60388552;0.9866402610495575;3.7047250184987917;23.12046164340862;1.376749779935048;0.6937263867920441;-0.10937568866957263;1.1835217406386518;1.9247662243760388;1.1112948738773656;2.5209679520629518;4525969691.601899;0.8155676161897076;0.8948873569577812;-1508313966.7888446;0.8490290358282744;0.46153846153846156;1508313968.1537585;1.1573412822170441;0.7967238125978718;1.1628371068665226;8531500776.225633;1.1628371068665226;-4525969690.9130745;0.9587159573447157;0.27496660348229124;1.376749779935048;12023553634.779991;0.7907892478773493;1.2510980458444252;0.49663760490201064
60388573;1.276167738071731;3.8554060625591595;33.67375237913217;1.7477031355965489;1.0197466229408951;0.4388462793084519;1.4272908940621893;1.9635187960799254;1.12193361901829;2.4061294783128853;1287832485.2204344;0.7371950197784827;1.0327336710343245;2039980469.667585;0.8996457995345775;0.3076923076923077;2039980469.8244934;1.6873855459159897;0.9534866803794328;1.3659524676414592;4818627927.928008;1.3659524676414592;-1287832484.0323899;1.492763032103974;0.3927037592159851;1.7477031355965489;5510311849.935456;0.9510055264521637;1.1602611067745014;0.5606650673086352
60388580;1.3007800425614857;1.4049031285569693;746.4824117601992;0.9608199755409473;0.9953662544998646;-0.34838360713172634;1.4266720848790027;1.1852860956566433;1.40454037747953;1.7966987711249656;4732897667.221955;0.9971765138068077;1.1355145165483924;-2785176458.7751217;1.9901025464818511;0.23076923076923078;4215551285.3600917;0.7112105367449932;0.9975172077894245;1.5341163363021435;9272588207.510967;1.5341163363021435;-4732897666.778228;0.6970524151768038;0.5926430478283217;0.9608199755409473;12843872956.091337;0.9975148937161431;1.4007926585033057;0.5653647973725084
60417196;11804221293.754324;2.45212158613204;13176809063.497366;1.4781533972339056;15259344706.422474;-1.4781533972339056;206941475612.7468;1.5659251534259355;1.9999999998356741;3.1144461881753833;14781533972.339056;1.5707963267127334;inf;-14348115167.630322;1.9999999998768596;0.0;14348115167.630322;1.6309195805177583;16342951237.19028;inf;15659251534.259356;inf;-14781533972.339056;1.3595434946778222;inf;1.4781533972339056;31144461881.75383;16309195805.177582;inf;0.9999999999152845
60454576;1.0831115397363034;3.594384070199504;562.5988023028276;1.2904655699583094;0.7655987678428507;0.4198017235527304;0.7758627353090258;1.895886091040151;0.8786345766991751;2.1207198638407205;2151582365.7219915;0.6916252088181915;0.7625478367935464;1540649079.9685788;0.5137826111215499;0.5384615384615384;2531705261.718449;0.692254527656946;0.6939213676748706;0.9571436142274108;5246493859.784923;0.9571436142274108;-2151582365.291735;0.8071609573090077;0.270840870148593;1.2904655699583094;6678269293.745184;0.6922545275877205;1.1202963265237256;0.5199488933143792
60454590;1.0460630311775798;5.687346349771895;104.1260356092333;1.9246064817335744;0.6986946761222779;-0.4791969735174491;0.9623032408633506;2.384815789483937;0.6054953428372617;3.4785477436765655;3294147761.830125;0.5572979487886738;0.7358789488981314;2440591350.8797836;0.3281844143358469;0.38461538461538464;2440591350.8797836;1.5571263622427638;0.28217116222726946;1.120408490377511;12325572303.191172;1.120408490377511;-3294147761.579901;1.2217078432719055;0.39746929824732286;1.9246064817335744;14094831170.484465;0.28180180407132216;0.91184133127327;0.5112565034594924
61117735;0.9958487269891441;4.766837129598557;5.378265893845976;1.879731441098503;0.8754714619945873;-0.8967028086232739;1.4620133430684914;2.1833087572761114;0.47297131680635635;3.5452989115476616;0.8962442757777008;0.48804539608046943;1.0181878639283557;-2798065430.0260596;0.3469991990923777;0.23076923076923078;2798065431.250704;1.4911773667331039;0.34489460330657484;1.3615322232117326;1.5527155127241103;1.3615322232117326;-0.72126950857109;1.5962817793507638;0.4366617514552223;1.879731441098503;2.203121080304255;0.3445313225027973;1.1826255768578937;0.49896002313333676
62182680;0.8837024557954096;27.81917579179026;0.746630753209716;4.2494216267842635;1.1089527549334002;-1.3960570399584358;1.144075053362794;5.274388665218962;0.34018180138626875;7.885638449030058;0.45642077790569296;0.35313823194277605;0.8006156688144265;-0.1331522955304359;0.2944639716185945;0.38461538461538464;1.5557600204620532;3.92002729446349;0.30264024147643187;1.2300075407390567;0.6990119544865875;1.2300075407390567;-0.29382858394210437;2.7799964051041384;0.3767420475156401;4.2494216267842635;1.0195093891812979;0.29990909669542304;0.9937254006934276;0.46913059601138474
62183023;1.5344038731059513;475.7188988939696;1.5770067282452152;18.4320117067298;1.522432563964014;18.4320117067298;2.029592300289999;21.810981153858474;0.20870527423447158;12.101232634981484;0.18388372394308156;0.18022637865708258;1.5974410145832494;0.5883662923472489;0.18883248278430992;0.46153846153846156;1.823963424168274;15.909439803609466;0.17258689493244653;1.872807215962705;0.2068300425276348;1.872807215962705;0.18388372394308156;14.55195412691072;0.5319751500941091;18.4320117067298;0.09826032764326725;0.17253122734930765;1.890285033334401;0.6054298959169107
63931931;0.6725884447792368;25.613312213707072;0.5345389455093312;3.936003970347746;0.8842193692504607;2.4027075371286477;1.3678311669968855;5.060959613917807;0.2576445967750562;4.888591846927241;0.2243211832247458;0.21660043484815109;0.7995008064768859;0.6255146435616763;0.20338669446711027;0.5384615384615384;0.9337155721761415;2.9821164256790524;0.20345781481724232;1.422484442329165;0.2641688581224606;1.422484442329165;0.11659105837193993;2.393923353866573;0.38930458568598514;3.936003970347746;0.2702085899595853;0.20323355065857976;1.0280074215770545;0.40212429236769665
63932421;8.412228443269875;0.372870777441289;147916262.21803978;0.5682450288941073;5952309446.943955;-0.3936425974615755;4.2836932945095345;0.6106314579525763;1.951987907759283;1.1095396564818527;5112439016.2771435;1.5067058661950035;3.6935926878116976;-4619751775.640955;1.9999999996398863;0.07692307692307693;4946058800.136161;0.595767127605672;5591297158.105533;2.3710217268331433;5721739056.416657;2.3710217268331433;-4506437247.279686;0.511377463718554;0.6106314579525763;0.5682450288941073;10631388303.420551;5578808180.44141;3.969104476691746;0.8937552349024167
64133391;1.5709420243198866;1783.0765295461692;1.7518833013267379;38.89650696807074;1.6862408924246646;-3.5892885929946527;1.6179361981620548;42.226490850485895;0.17292544263028603;62.05041936236281;0.17468023934062232;0.1721159224988163;1.1677935117434632;-2.0907625755360324;0.17314479467309468;0.6923076923076923;3.160184834221889;42.20288766477684;0.17147584386820183;1.3312498508052544;0.18772846059824527;1.3312498508052544;-0.027404565269884655;35.17744430063408;0.33781192680388716;38.89650696807074;0.28482238212287164;0.17145923122980555;1.2677699331554657;0.6110375144439367
64133804;0.735397423520451;10.846763592088276;3.467386436629255;2.8098351031471958;0.5938600237091244;-0.7551121249165804;1.00865875497333;3.293442513858148;0.19484457912161826;4.9752916585308435;0.21717861104896055;0.2064898615108583;0.6297906265674749;756218114.8543407;0.18527849152492115;0.6923076923076923;756218115.1451547;2.376814118150901;0.189548188458673;1.028698613906189;0.27879326951923944;1.028698613906189;-0.10028240243020263;2.312987600905365;0.29940386489619525;2.8098351031471958;0.42592060542184135;0.18907369123685547;0.738185391037171;0.42376311820759405
64937481;1.1877406329417821;495.1336125135967;1.1344286742759042;16.64505571277825;1.2718691700832272;8.694240485441968;1.0311096459238602;22.251597976630727;0.44682609974043636;22.801197012164437;0.41864123201667774;0.3829318232781503;1.2957228997971093;0.8111110952704917;0.4105713350372764;0.6153846153846154;1.987120313187898;10.837972520582907;0.38248019577827236;1.077190745461325;0.4721504665154896;1.077190745461325;0.007275586113953887;9.746396542542085;0.27471108613124356;16.64505571277825;0.6498122527131861;0.3822778334721156;1.7321603215341284;0.5429074246999137
65069683;87937802.61025164;0.00010369771529597053;93381564.53173271;0.009665509663896414;98362746.41830955;0.009665509663896414;1353171352.945498;0.010183207515118727;1.9999999767793504;0.003326570597978296;96655096.63896415;1.5707963151845716;inf;98861790.835318;1.9999999789252332;0.0;98861790.835318;0.009501796088688091;95076813.58434393;inf;101832075.15118729;inf;96655096.63896415;0.00912866210345301;inf;0.009665509663896414;33265705.97978296;95017960.8868809;inf;0.9999999886283264
65699032;176.19635963651635;50.1137085977012;9839115429.408133;6.331871046710382;65163235165.281555;6.331871046710382;47.732566349554205;7.0791036577875595;1.9999999999579898;3.2851138258870747;54296932431.578224;1.5651528492955757;82.31432360723495;56182362696.19325;1.999999999969825;0.0;56182362696.19325;6.629976745359157;62458826836.331604;27.487461316514473;62224401601.221756;27.487461316514473;54296932431.578224;5.5157335070775195;7.0791036577875595;6.331871046710382;31540047758.74463;62397565003.17366;92.02834755123827;0.9943565432040968
65742852;0.7614983336628064;12583.98484155384;0.6715687475324154;89.12545493979351;0.6520997210546451;32.18193394035946;0.7724679034314342;112.17836173502374;0.18113037261336468;126.2086842511098;0.18417542837083659;0.176362123861258;0.9101578273506015;1.0210004729999531;0.14264037210471342;0.46153846153846156;1.721817960586589;75.80917175667844;0.1331450403420281;0.8622348571968513;0.24680040656281857;0.8622348571968513;0.010204000917352291;54.1309101116648;0.2983467067420844;89.12545493979351;0.31317398366879295;0.13314439006190348;1.1455763570740838;0.43230147829851745
65752911;3.72191370781949;28172.698374708387;4.559017759931296;158.56948298425158;3.496236128689061;158.56948298425158;4.082976703219599;167.84724714664935;0.8150482335339174;57.108428699891405;0.5655438377467781;0.5080429920147791;3.4762281261303047;2.837538651374047;0.843495225867448;0.6923076923076923;7.6729420726868165;172.22664353768894;0.5932915681062122;3.3134357750823926;0.5840380695086995;3.3134357750823926;0.5655438377467781;144.6136483458869;0.8520164829779155;158.56948298425158;0.1513144660096784;0.5932212887422494;3.679619246047962;0.7882214581041581
65774121;0.9911091547367381;49.16004908636602;5.4702796221833205;5.868539285930945;0.8756028904079013;3.3189229739992703;1.039994303834547;7.011422757640993;0.2122740959788611;6.933945474921048;0.2099104091094298;0.20129348931535532;0.7784797011949213;5709472483.45402;0.2234358238467891;0.5384615384615384;5709472483.565567;5.528364040933269;0.20098473570165956;0.9046708932170908;0.26170868504721273;0.9046708932170908;0.06001272858770566;4.451207497237835;0.2261749276658385;5.868539285930945;0.30672326791845517;0.2009818319603115;0.9300866923401316;0.4977673636721244
65998023;1.0224037672053818;204.57440171214577;1.048884825209436;9.333869824643285;0.9825565157765197;4.109381946030457;0.9333869824636619;14.30295080436711;0.47596256421893435;15.21577413937411;0.5027512064209066;0.429843775655029;0.9192447554572933;-0.34754541738855205;0.42844877171065365;0.5384615384615384;1.7773266773322531;6.139573120078267;0.42860758612188327;1.055349717873358;0.6114665211396774;1.055349717873358;-0.13091557742537965;6.106128292411429;0.2860590160873422;9.333869824643285;0.9036679169733286;0.4277164662232357;1.4086239428543363;0.5055388957360231
66192686;0.9891822945831287;660.8844844501476;1.0932107025028823;19.104581761235895;0.9838276461978719;-12.595740973729031;1.0698565786287824;25.707673649129507;0.10442009791804598;40.28742080240744;0.11466648279608029;0.11226911455123474;1.0220558143871055;-1.807741355550961;0.07474129205598085;0.7692307692307693;3.3807827130715706;12.807903830228426;0.07484590582383986;1.2993810136631443;0.16100205933352021;1.2993810136631443;-0.08129917726262324;12.250641898240033;0.4357232821886357;19.104581761235895;0.24930751096651943;0.07481002225062425;1.3753076437805907;0.49728086625184387
66416903;2.7454927552495336;420554.0493063321;4.407649252889634;596.7812235463264;7.9115091936192945;-516.7093929070203;1.9777005243993846;648.5013872817328;0.837851525922342;1224.9952991196153;1.7392879302428288;0.9059584664334422;1.9581413190565984;1.030567590054709;0.9351104497409284;0.5384615384615384;12.586825475776086;611.8634006095086;1.757237457672608;1.5682677365867632;2.0072400115363114;1.5682677365867632;-1.6812103174513093;510.6979289324446;0.443875008406388;596.7812235463264;3.727578470808002;1.7567314294721879;2.1278440269213847;0.7330124324500589
66446996;5.20348268909278;1.0698375629280754;7473849.753045797;0.957876680771891;8297017106.633362;0.03879942719486529;3.9113297797044746;1.0343295233764118;1.9999999997548237;1.4353367955313752;7164547117.974251;1.4944256468693007;3.113099212508646;-2325521207.5661855;1.9999999997694733;0.0;6380667441.647905;0.867706687586379;8025843563.858383;2.9558428178630565;8133252006.500325;2.9558428178630565;-2026225417.7960057;0.883240887985258;1.0343295233764118;0.957876680771891;12561243752.3122;8021099319.047274;3.3615709509733387;0.8388002272081388
66904593;10459525254.520529;1.7792914180944595;11205229403.70356;1.2206897142539221;10987791703.726818;0.18152648820634054;170896559995.5491;1.3339008276834;1.999999999810862;1.7445915694734024;12206897142.539225;1.5707963267003275;inf;1006164563.9523506;1.9999999998245659;0.0;12197153152.157078;1.1416382781755707;11424424980.353897;inf;13339008276.834003;inf;1815264882.0634053;1.1282284296905045;inf;1.2206897142539221;17445915694.734028;11416382781.755707;inf;0.9999999999043934
66998946;1.2142737401790653;8.010546592728764;166.01115802261214;2.3078212912025253;1.4506905309799711;-0.7781779426456386;1.285036855323568;2.830290902491962;0.8632780923526931;4.269725962659217;5327555973.453116;0.7993188745050934;0.9091417207767525;-5899363989.906968;0.747554944251708;0.3076923076923077;5899363990.872053;1.4621500496537456;0.8295484766806652;1.1339692531711163;14134666099.187975;1.1339692531711163;-5327555973.2380905;1.5906731781473473;0.3144767669435513;2.3078212912025253;17517294337.041256;0.825701482829932;1.1149630827998638;0.5483846545914728
66998960;0.8755480534235065;55.66787249884994;4.621685573098183;6.031414186169401;1.3911501279664404;-1.8548931460621574;1.1131423545081394;7.461090570342243;0.3497893166381785;11.100572478498961;0.48015581432504667;0.3738379001690872;0.8522650480456762;-8206234380.732138;0.31583712789996454;0.3076923076923077;8206234382.352126;5.7133010907651745;0.32983732514879716;1.088016681093294;0.7143607292659535;1.088016681093294;-0.32570859717519607;3.396777767441041;0.31087877376426015;6.031414186169401;1.0652192462488492;0.32517769119549456;1.0542845371135778;0.46682251186544466
66998995;0.7367171990386528;56.70350584262186;0.6583325828829724;5.550126525599713;0.8153819870475695;-3.2753171931351326;1.0791912688651117;7.530173028730605;0.37418350968729275;11.549557565396979;0.7980931910832155;0.39237623876288696;0.9493637477999509;1.0430010063484136;0.24777840001549634;0.46153846153846156;1.20384825437719;4.076718181210436;0.2493631836742195;1.2127939354445025;1.7176264932000511;1.2127939354445025;-0.701557741985423;3.193324708489502;0.3137572095304419;5.550126525599713;2.251463557538197;0.24722966514532843;1.2880559128091824;0.42420101525248743
66999072;2.1076092065836516;9.439971851499978;8917.366118437778;2.5614731884552446;2.5169829659812017;-1.1656501347102988;0.8965156159570943;3.072453718365824;0.18370172549392774;4.8644512563833295;0.20934176181098887;0.19698044234773146;1.3874646437465907;-5510091813.057293;0.17087020882718795;0.46153846153846156;10199766714.016794;2.6440907418390047;0.16002318132668647;0.8922680114984352;0.2847340569385663;0.8922680114984352;-0.1314541173678466;2.0359259920343216;0.2793139743968931;2.5614731884552446;0.440200287685761;0.16000525604621932;1.6642457641148216;0.6782092169499815
66999093;1.5237423081211203;5.242210976499051;34.80442760942177;1.891136970413104;2.2228239083631043;0.4585744129829082;1.4479017429646146;2.289587512304138;1.3129971672185927;2.762080925580222;1946954445.9390407;0.859185906212061;1.3658211452983529;792152888.9917423;1.2595334054920801;0.3076923076923077;792152890.6720467;2.019680389923205;0.9288899874493494;1.4392771983244093;6292603648.987529;1.4392771983244093;-1946954444.7805402;1.407632953043469;0.3815979187173563;1.891136970413104;7408740042.959429;0.9286752621929089;1.6535909811085439;0.6037630320726043
66999114;1.2616804611525627;101.38813216330117;1.3377532333325302;8.204550280593535;1.3333291718540545;-7.634258336026311;1.8526403859374874;10.069167401692216;0.345543796160971;17.792905377456034;0.48767994205901893;0.3937409820584831;1.2120358369058633;-1.1007256685526192;0.2877842571632424;0.6923076923076923;2.310803334894998;7.919356929820008;0.3373483790139477;1.7005132547127866;0.6688272062176679;1.7005132547127866;-0.470906649571797;6.025384957857795;0.43778988703009636;8.204550280593535;1.110180518220948;0.3364214930709169;1.4874906388863502;0.5578508913277717
66999142;2895955992.09802;0.08392544781817735;2895957973.581972;0.28969846513571273;2894322480.2175703;-0.28969846513571273;40557785118.99979;0.2896988916412649;1.9999999993096247;0.6012688313979139;2896984651.357127;1.570796326449709;inf;-2895960028.3284574;1.9999999993090585;0.0;2895960028.3284574;0.28946009348381624;2894600948.231541;inf;2896988916.4126487;inf;-2896984651.357127;0.2896980393781031;inf;0.28969846513571273;6012688313.979138;2894600934.8381624;inf;0.9999999996546909
66999240;1.419417718776048;3.8939229424495805;1058.7210168852025;1.5792334605742433;1.211982450563978;-0.9802704237785793;1.4069534466844633;1.9733025471147552;0.3386486678996085;3.195871635265677;0.4834439434992654;0.36664462175466134;1.3686689991643444;-935450320.5216197;0.30053467868411815;0.46153846153846156;5864940451.80186;1.402847809214621;0.32363782037469263;1.5324278341348188;0.7697926169034328;1.5324278341348188;-0.38157574637531927;1.229616911487658;0.4933256367786888;1.5792334605742433;1.1345400834913157;0.32269453535944714;1.7101955408327878;0.586677409097472
66999254;1.2332036223771239;96.85784248208878;37.12113594194951;6.633998268594352;0.9396474427058445;-0.4240632320168771;1.0588466291881193;9.84163820113749;0.3915557722199843;12.560375515125422;0.4656457091563807;0.397250819042175;0.9078102893865956;-6575541131.841527;0.30578682529725665;0.6153846153846154;6575541134.322208;4.506637601249627;0.3449093576341062;1.0339764177402433;0.5891432571694954;1.0339764177402433;-0.28570253401427204;4.509411007883386;0.2589904789773024;6.633998268594352;0.9454275511674498;0.3448944711281411;1.3467504906819723;0.5522127986987795
66999282;1.605750032635486;7511.298630813906;1.8554212956450897;56.43511540563764;1.8313759776719256;52.33777325406572;0.9931121044625233;86.66774850435372;0.5224272436864281;71.81376591872223;0.3930861034079176;0.35956119969064965;2.2098087357629193;1.1549094290367252;0.4926961463347618;0.5384615384615384;4.4289580728554565;36.31727663209858;0.4420469364097318;1.1696214147884754;0.4566336477693427;1.1696214147884754;0.2798922852279917;25.541081010918045;0.3221849386778949;56.43511540563764;0.3924110995713104;0.44110977008773034;3.393616658303007;0.6162333349417295
66999310;0.9438954333201857;1.4602965143330109;23.032435223850317;0.9916285033615436;1.0039072390871722;-0.5432976951389398;1.0797732592075049;1.2084272896343458;0.45031952780100404;1.9473002196504743;1604954881.9340017;0.4400297194488823;0.9207978959785763;-2696686038.5027742;0.2959148783077715;0.46153846153846156;2696686039.5869603;0.8743607229068162;0.3089292615609366;1.0258033380084972;6005191288.002782;1.0258033380084972;-1604954881.8109548;0.7697664430435599;0.24168545792686916;0.9916285033615436;6867198963.967839;0.3089113361457402;1.1221110546604638;0.485569036863267
66999331;1.371387596635275;7.875301768847053;28.117656260331337;2.0890984679167532;1.3509139102305083;1.4046639779466195;1.4022715743483578;2.8062968069765986;0.870818824977768;2.6192982073233737;1926959664.7952332;0.5649427198206284;1.0445492339583766;464906401.06707263;0.7533062176767178;0.15384615384615385;464906401.3122259;1.3315005390635606;0.6531212728176641;1.4432864481858407;7210022861.8699255;1.4432864481858407;-1926959663.964789;1.3499748084358454;0.3507871008720748;2.0890984679167532;8244976579.741039;0.6514755877462248;1.4031484034882993;0.5783059667601853
66999373;0.9391376387303983;75.90760737110462;0.8561699211175323;7.038588643433457;1.2178500241487777;7.038588643433457;1.0595724839565852;8.712497194897947;0.23480579333279214;5.328604102929763;0.2019704799810154;0.19662709386682;1.0764900278192346;0.01416463998601365;0.2395558421907188;0.5384615384615384;1.6035649504112897;6.437778217124446;0.2140006883585884;1.1471901347185747;0.2353788633271316;1.1471901347185747;0.2019704799810154;4.265451916767969;0.3484998877959179;7.038588643433457;0.12543949912936908;0.21390978579133996;1.332499570984392;0.48430684855628664
66999380;1.3321242584502213;1.2777416873065672;475.36680666114506;0.8452619848303454;0.7636710537719134;0.11431278119644843;0.9980201748515088;1.130372366659132;0.7046158082104845;1.3918845606190575;1396070345.771931;0.5865622649080756;0.784886128771035;-1348463576.7565334;0.55590245940428;0.3076923076923077;1348463577.8526196;0.6505599227427267;0.4962105221765419;1.0193915903974173;3817296230.2355404;1.0193915903974173;-1396070345.4212284;0.5057842659054188;0.282593091664783;0.8452619848303454;4689292454.025246;0.4960382092927862;1.049631483326337;0.5712063813166905
66999394;0.8001165898742703;1.073923228264237;18.526276812222637;0.859746934352995;0.7984534994086191;0.4483164074294992;1.1702111050801995;1.0363026721302213;1.5948564093136242;1.0594247306220212;2057152635.046858;1.0327205092063756;0.7983364390420669;498932193.686684;1.7201462115115178;0.3076923076923077;2195212471.8123617;0.8098589562538369;0.9247394175360801;1.2440710943481395;3946827972.402051;1.2440710943481395;-2057152634.1880987;0.6286638555721685;0.5181513360651107;0.859746934352995;5517964696.166367;0.9246921530685317;0.9622810526923483;0.4444804266428958
66999401;2.4346192490120053;1.7037272228084237;225022.22677279744;1.20546738728941;11728316492.848724;-0.980514844387356;1.968930065883065;1.3052690231551594;1.5317935409940844;2.438342856552596;10578026048.76176;1.209469148891923;1.9588845043452912;-7853052031.673494;1.9999999998554583;0.3076923076923077;7853052032.250108;1.38368434028608;13836846733.780132;1.7918902129574787;12643061094.724487;1.7918902129574787;-10578026048.649286;1.0318576416566245;0.6526345115775797;1.20546738728941;23100836793.87402;13836843402.860798;2.1210621626271338;0.7088469121322086
66999436;2.224698608144112;66.93132862821116;88.15689523682765;7.555935296149252;2.3983054287706755;6.649072785022229;1.8419941766699932;8.181156924800499;0.6808016683669761;5.035335377913367;0.5428444719550125;0.48631151507582665;1.9645431769988053;15919059204.201979;0.6884008657411596;0.6153846153846154;15919059204.663597;7.094468830818338;0.5281751154300058;1.7036231829148454;0.5747934533691049;1.7036231829148454;0.35148001725142597;6.7788806381634945;0.5113223078000312;7.555935296149252;0.5120528311430432;0.5275615553514006;2.12710080044813;0.6898934996670827
66999492;229355991.06178942;0.0005266841756918272;229356355.4966259;0.022949512536093005;229152692.03918204;-0.022949512536093005;3212931755.0530205;0.022949600774127363;1.9999999912851514;0.04763171514276997;229495125.36093003;1.5707963224374724;inf;-229356720.96711728;1.9999999912731883;0.0;229356720.96711728;0.022917877787278815;229178779.35737306;inf;229496007.7412736;inf;-229495125.36093003;0.022949424584447396;inf;0.022949512536093005;476317151.4276996;229178777.87278813;inf;0.9999999956399657
67400655;863778452.2312235;0.17602429362369512;1749593436.1797607;0.3205623211827756;2894025890.27586;-0.11690995112215687;44878724965.588585;0.4195524920956794;1.9999999978177176;0.617210651226163;3205623211.8277555;1.5707963257037554;inf;-918393746.25627;1.9999999993331314;0.0;3111573116.1398563;0.30030500383336733;3005028418.766719;inf;4195524920.9567943;inf;-1169099511.2215683;0.18695801875946313;inf;0.3205623211827756;6172106512.261629;3003050038.333673;inf;0.9999999988422957
67438252;175885933.3679565;0.06316779775487871;1062109202.1456914;0.20775332870471286;2395288735.3933973;0.20706874058070507;29085466018.659798;0.2513320468123369;1.9999999892986047;0.1478229823032589;2077533287.0471282;1.570796321444199;inf;2152911497.1351767;1.9999999989996486;0.0;2160283984.624491;0.20554757304393978;2083375471.8632073;inf;2513320468.123369;inf;2070687405.8070505;0.10576815639142219;inf;0.20775332870471286;1478229823.0325892;2055475730.4393976;inf;0.999999994314497
67618796;28359731.872216415;1.0402555696498282e-05;29898460.92470737;0.0030787075177956366;31247427.350078736;0.0030787075177956366;431019052.4913891;0.003225299318900229;1.999999928094972;0.0009975978852738367;30787075.17795637;1.5707962908423811;inf;31443581.27915758;1.9999999345441664;0.0;31443581.27915758;0.0030569966446066313;30577472.128841612;inf;32252993.189002298;inf;30787075.17795637;0.002927431101659017;inf;0.0030787075177956366;9975978.852738366;30569966.446066312;inf;0.999999964738737
67871090;1.3399578452073466;332.61392088214177;7.336036859044766;14.656362566245102;1.1836032648857777;9.243476697368527;0.8888140665169542;18.23770602027957;0.2751285638129549;17.255098466151583;0.25529823017834646;0.2456270133680095;1.3231438427860163;-10546453663.550371;0.29814973234944453;0.38461538461538464;10546453665.824467;12.510341090843458;0.2821836507569266;0.9805736007833846;0.29293225253203875;0.9805736007833846;0.07911111126345079;8.888611299240024;0.3144432072461995;14.656362566245102;0.34510833586388573;0.27914345559240533;1.6464595712752392;0.5726418738490613
67871104;1.0914439780994762;21.203502324765886;5.900227000971677;3.599856748767656;1.3288727435548984;-1.8633862659712244;1.4458441040090906;4.604726085747759;0.18403702600164276;7.158085555257851;0.2162539675520662;0.1996676029630627;1.1414179935116957;-2728409628.933177;0.16991446307313196;0.46153846153846156;2728409630.4021664;3.3790367390261196;0.16906957312588589;1.3645351946124633;0.3171993140814657;1.3645351946124633;-0.13961983488702095;2.278793078253729;0.30698173904985065;3.599856748767656;0.4730222126441997;0.16905659155003766;1.460035100359046;0.5218614457420401
67974480;11416518481.184175;6.920063353549416;16802643966.059269;2.219293811690135;18709808366.425365;-0.7214849172281516;310701133636.6189;2.6306013292685413;1.9999999998305686;4.025570514780191;22192938116.901344;1.5707963267101808;inf;-9395413025.920876;1.9999999998992317;0.0;22274511747.045284;1.992114464572774;19957939261.796574;inf;26306013292.68541;inf;-7214849172.281519;1.708008282429159;inf;2.219293811690135;40255705147.801895;19921144645.727737;inf;0.9999999999124076
68322520;0.7809426729629095;2035.7267861698815;5.03558612203856;32.818327330020935;0.5780866126578249;25.69511698643218;1.1515202571934284;45.119029091613676;0.13921969185634103;39.1910412128494;0.12593936327918126;0.12382291869865794;0.8814839985336201;67454208796.44223;0.11514684898160113;0.6153846153846154;67454208799.62282;24.05708577436772;0.12194522377183446;1.2448640766862726;0.162833452335099;1.2448640766862726;0.08840803246226701;17.628190226118402;0.35249241477823184;32.818327330020935;0.1471532307174785;0.11821621492304021;1.2118747483284664;0.43849961305249363
68754063;65157511.5032525;0.0005926853622471245;140222698.50912228;0.020489736354978912;157116684.69251674;0.001554690674682006;2868563089.6970477;0.024345130154655663;1.999999970692215;0.031965437533197257;204897363.54978916;1.570796312141003;inf;3099093.3709582435;1.9999999879973234;0.0;207014969.92800185;0.01672425826627702;167548844.41683716;inf;243451301.5465566;inf;15546906.746820057;0.014259627696418236;inf;0.020489736354978912;319654375.33197254;167242582.66277018;inf;0.9999999846525756
68907671;1.7357764062874765;1.2217173687409983;15221.561667301412;0.7874782096378273;1.2782590966850682;0.6102909747409829;0.964660806797898;1.1053132446238931;1.7325408372350826;0.973858564814579;2077033528.8035386;1.1817672662856948;0.7312297660922683;1532495460.147659;1.9999999994285445;0.38461538461538464;2371342612.4725084;0.506457815872226;1466405772.94386;1.0072966932718594;3087679495.706077;1.0072966932718594;305161179.83509505;0.5090991560878199;0.2763283111559733;0.7874782096378273;3680744293.5645165;1463547688.2772117;1.0263622985793295;0.63447305207335
68907685;1583381324.0115788;0.4432299866867578;2019332346.8133116;0.3641083198888046;1416773276.6017838;-0.12988091290608808;50975164784.43264;0.6657552002701577;1.9999999987152441;0.8496790417443228;3641083198.8880463;1.5707963261525184;inf;-1496957320.7932234;1.9999999985768198;0.0;3822926724.6902366;0.14053956418689417;1405441695.9647696;inf;6657552002.701578;inf;-1298809129.0608811;0.19543176747510815;inf;0.3641083198888046;8496790417.443229;1405395641.8689415;inf;0.9999999993684402
68907825;14180016.27490129;2.600694885320084e-06;14949389.731681194;0.0015393702660409872;15623879.78523684;0.0015393702660409872;215511837.24573818;0.0016126670100551086;1.9999998561914794;0.0004988044915970267;15393702.660409871;1.5707962548906307;inf;15721958.949182037;1.999999869089701;0.0;15721958.949182037;0.001528514262098584;15288895.571960805;inf;16126670.100551087;inf;15393702.660409871;0.0014637311869612106;inf;0.0015393702660409872;4988044.915970268;15285142.62098584;inf;0.9999999294782241
68955705;326824689.77944756;0.00854347683435504;596392249.3667134;0.07826639900157488;766813537.0593493;0.02843642045636569;10957295860.220484;0.09243093007405605;1.9999999940169695;0.10489930344756555;782663990.0157487;1.5707963238033815;inf;269687272.57005686;1.9999999971689792;0.0;806317810.7492325;0.07108627225175113;713061220.3120455;inf;924309300.7405605;inf;284364204.5636569;0.05867901781705481;inf;0.07826639900157488;1048993034.4756554;710862722.5175114;inf;0.9999999969402557
69028393;1.3569573891281201;1196.2026570945764;8.941983333482755;28.24616998573249;2.8237273456586416;-18.732570018518743;1.7642604579990757;34.58616279806964;0.5430333031984163;57.33312699261065;1.3274786163858663;0.5685247970525175;1.2199342518754897;-16905807323.764626;0.5804232304021524;0.3076923076923077;16905807327.349499;26.233072480805287;0.7903951724214391;1.5229549588880071;2.9614788878996126;1.5229549588880071;-1.1789421269561522;21.164545233404727;0.34243725542643205;28.24616998573249;3.8358267236858965;0.7897509949590327;1.4937545394515126;0.5757241922944065
69028421;0.6353504540353428;1066.813355845394;0.5935734531824434;27.386541948523806;0.5530940309198134;11.513153189533586;0.7168485873276792;32.6621088701479;0.09670557720658872;35.74175733102958;0.09547919918769932;0.09481320683215363;0.5266642682408424;0.6829161753646832;0.09123566450965034;0.6923076923076923;0.7947737112611565;23.349045186085732;0.09049838470151542;0.7159990417833908;0.1129569368893109;0.7159990417833908;0.025852137184838152;19.50829180061811;0.20803891000094202;27.386541948523806;0.1350624075141086;0.09047617537012531;0.6281174782720749;0.38851027464331617
69239723;1.4108054176750426;104967.45460063375;2.495625813280103;230.14876311941921;0.9452529287655482;-216.39952200428428;0.925202181709018;323.9868123869145;0.7909176010640907;526.6451888302174;2.9397941760077915;0.7705970319643984;0.9251496352976035;-24.71441036563209;0.5231630719903609;0.8461538461538461;27.423602234524957;171.84480883716623;0.7155204613260393;0.789741198413984;4.750066195218262;0.789741198413984;-2.853809554621127;140.3848961190454;0.20123404496081645;230.14876311941921;7.188593619887428;0.7109147586162615;1.3023588624087474;0.5852008657901597
69239730;1.781981637979731;55560.70765081065;2.641215093842316;157.57439514912832;3.6609200535868816;-54.225002044132395;1.1835893864193874;235.71318938661588;0.4232932449056489;324.0027042120937;0.6717895723367501;0.4073342611293657;1.422546622874075;0.5331596253323223;0.33040513306466657;0.6153846153846154;10.185025986635994;108.61794826927371;0.3376306564505503;1.137854780365443;1.2194590529815423;1.137854780365443;-0.40658312118420553;80.56111800700286;0.2786207912371346;157.57439514912832;1.6357829221784213;0.33729687660843743;2.1279662930736154;0.6405439970027272
69278314;439175929.45098144;0.0062862629000449855;603309896.0984097;0.07354582317202403;708076758.2210401;0.001047214615720714;10296415244.083363;0.0792859565121402;1.9999999956541312;0.11148542601500462;735458231.72024;1.570796324621962;inf;105065067.49851386;1.9999999974278737;0.0;698244570.2156601;0.07851285440711456;788900379.2735604;inf;792859565.121402;inf;10472146.157207122;0.06344030379165964;inf;0.07354582317202403;1114854260.1500459;785128544.0711457;inf;0.9999999977230082
69278342;10591247397.094854;3.4697036250419906;13737301765.184574;1.6707642451342284;15262931332.300133;1.1553745406989773;233906994318.792;1.8627140481142002;1.9999999998184;1.607821215773374;16707642451.342287;1.5707963267040965;inf;10685036686.169767;1.9999999998734084;0.0;16235387349.31863;1.5818352659358093;15828100761.189638;inf;18627140481.142;inf;11553745406.989775;1.4245639029466428;inf;1.6707642451342284;16078212157.73374;15818352659.358091;inf;0.9999999999055824
69278426;0.4006224192971586;57.74212688972591;0.3248793554383164;6.002513131318197;0.33907543074424495;-1.7488640528353352;0.6166103635940794;7.5988240465039;0.0774752918482542;11.117360973914735;0.07946439385468962;0.07893310348948115;0.44590097546935176;0.25431173598282325;0.06973100971668278;0.6923076923076923;0.626235949368495;5.516336691811816;0.07641786441762774;0.6459837223916794;0.10254028204649128;0.6459837223916794;-0.03154528796931101;3.7018660759270903;0.17671683829078838;6.002513131318197;0.15337128201469968;0.07252949133311515;0.564484072026004;0.2860317054600579
69278461;0.9421563663755724;73.03313914748195;0.8719194931199217;7.25427412264299;0.9078142613696852;2.585908492596282;0.9366519947540941;8.545942847192576;0.19384289411666583;9.742681501820204;0.18841876935302757;0.18372393384039867;0.8896751282486686;-0.5634311956162892;0.18920424421240545;0.5384615384615384;1.6611532758111904;6.181462407825887;0.18357742142218525;0.869242025115437;0.22053435808522906;0.869242025115437;0.0409392611626442;5.429709351817239;0.2441697956340736;7.25427412264299;0.2720201059574563;0.1834897534609543;1.0480873303160707;0.48510839945076756
69414961;2.097032878975721;2303.1370184080165;2.521095606736282;42.96612574209522;2.664227328116934;-42.96612574209522;1.811824579485397;47.991009766497065;0.616433764483978;91.89442631114369;1.1852326294679467;0.6820298246485039;2.346889221206882;1.4218036963622938;0.5048233024868012;0.8461538461538461;4.9672930817221905;47.39447730830059;0.6762472605384268;1.6350255029104053;1.5992731442331922;1.6350255029104053;-1.1852326294679467;34.5496238638931;0.46593213365531133;42.96612574209522;2.7005420035508028;0.6755974198266974;2.621357676321268;0.6771103055480867
69418580;5.768463545436251;487.88521351336937;9486.715920411263;20.72928629524093;9.092597861114339;20.72928629524093;5.611795737374813;22.088123811527527;1.9833365596239836;7.915644902277083;91924425084.2128;1.4056335298932565;4.990383737743186;77466119537.59952;1.9999999999897144;0.3076923076923077;77466119543.18456;19.460448723058754;24.26962893825932;4.485890287164937;150831163273.7968;4.485890287164937;91924425084.2128;19.384057977296465;1.3805077382204705;20.72928629524093;124096475628.53043;23.950157312409054;5.31751128796033;0.8522559819836414
69491121;1.9531479602760877;303.6336567801657;2.3033357168594764;15.396928447926884;2.209434276004865;-8.449613632324063;1.37297451127923;17.425086994909545;0.702732064967346;29.36839428314972;1.5690029431988017;0.7161588799124115;1.819636998391359;2.1352521239133684;0.6481104062768255;0.5384615384615384;4.808415321679424;15.697750622829869;0.8179307452639969;1.3267430703360108;2.3595282826107105;1.3267430703360108;-1.392325530312276;12.589722918850848;0.4250021218270621;15.396928447926884;3.6540364958548675;0.7733304367382818;2.059328463034764;0.6613782941283746
69491135;64.49766123175138;329.4292608770963;10022755860.586416;12.633779308339902;33913901565.115765;10.461063847496193;95.23925939620332;18.150186249102138;1.9313605988605045;15.556411864844847;124793121309.2186;1.539858218700235;164.23913100841872;117427473843.249;1.9999999999457505;0.0;131286221681.76102;3.7148359016579278;37288903076.250374;70.47538311730989;181409817637.4246;70.47538311730989;106155310249.14238;5.484390536394353;18.150186249102138;12.633779308339902;153880863155.6052;37148359016.57928;235.9524212383278;0.9847322792723593
69506766;34470649.2730771;0.007869622001607323;49241838.45607354;0.02723544624301158;37929505.922353335;-0.02723544624301158;3812962474.021621;0.08871088998317694;1.9999999427061248;0.10426631153292532;272354462.4301158;1.5707962981479582;inf;-290089589.7865557;1.9999999484166473;0.0;290089589.7865557;0.0038791345348051405;38800918.04464782;inf;887108899.8317695;inf;-272354462.4301158;0.004866871936898788;inf;0.02723544624301158;1042663115.329253;38791345.3480514;inf;0.9999999709898133
69506780;26702159.855295353;9.19116591280293e-06;28136771.87786939;0.0028952996218872223;29818733.846348338;0.0028952996218872223;405341947.06421113;0.003031693571719103;1.9999999236066455;0.0009330547090991349;28952996.218872223;1.5707962885982176;inf;29574290.29314306;1.999999930352086;0.0;29574290.29314306;0.0028755198321679526;28774859.484128736;inf;30316935.717191026;inf;28952996.218872223;0.0027543267300709374;inf;0.0028952996218872223;9330547.090991348;28755198.321679525;inf;0.9999999625498474
69506801;1.0439134744846343;83.11595417349413;0.9235700652042643;7.629938547600834;1.2243470534589016;0.7988662727272258;0.9623345915884274;9.11679517009646;0.22639424506994296;11.79301753603755;0.2665696084845247;0.22855043499720903;0.9918920111881084;0.646840982249116;0.18768466916820675;0.6923076923076923;1.6103629626360418;6.902638084482934;0.19084795564260043;0.9499386149547651;0.43483259296448956;0.9499386149547651;-0.07454761385998017;5.25536136075663;0.24639986946206646;7.629938547600834;0.5682877082638073;0.18978636334246868;1.1851833721125398;0.5107424984063249
69506815;0.7335522281216065;1.3792702129849987;12.504644675702679;0.8779893650650238;0.9485963633840675;-0.4617230763053443;1.0243209259006585;1.174423353388802;0.5883327141806689;1.7856858228049466;2996303968.4334526;0.5289338346363716;0.6341034303247394;-1279279926.1980844;0.38474777866902654;0.46153846153846156;1279279927.0731108;0.7668434405880752;0.3843299325308129;1.1991507671989048;7947928139.6429205;1.1991507671989048;-2996303968.2569203;0.43711450984200667;0.39147445112960066;0.8779893650650238;9850587790.969168;0.38300472259705715;0.8481946441141348;0.4231497708704446
69506822;1.2826675471027498;13.372903322057766;6.531686220606769;3.057830877203723;1.1638586867790173;2.3281090842454764;1.4761942165760173;3.6568980464401473;0.6799933827686128;3.0229159932144873;0.5382361528189309;0.43578036134378667;1.32506004678828;4025589710.7088223;0.5373720906081405;0.38461538461538464;4025589711.5648556;3.163858686895404;0.4238847983679908;1.4304290560000785;0.7104214654246643;1.4304290560000785;0.22506042931258902;1.8580166751686877;0.4063220051600164;3.057830877203723;0.7711009580126695;0.423195620049589;1.5846558201240641;0.5619160568216608
69506864;1.5309347409437948;16.02194788751886;45.909593171266835;3.631089384395277;2.2061071956976255;-2.954718079075568;1.624871048719634;4.002742545745212;0.7625494759421195;7.386590161036396;4606224621.313579;0.7912744499629849;1.3883577057981942;-6493894588.1618185;0.7427754939783332;0.5384615384615384;6493894591.121425;3.245271299095479;1.1910821275058214;1.3850369300011942;17234914374.904083;1.3850369300011942;-4606224621.244727;2.9729401339696273;0.36388568597683746;3.631089384395277;19708878612.55738;1.185658199974436;1.530460385137875;0.6048890618068262
69506871;1.3497382265771058;93.4796170730043;47.020137815672534;7.427379863157855;1.5353494955349385;2.26262179093257;1.2051046797824938;9.668485769395552;0.4995042155878897;11.130306509994188;0.4861319405080747;0.4232929397209238;1.4411334062843597;-3367494823.479888;0.5988261063253775;0.38461538461538464;13213287226.132656;6.068723599654769;0.5064788205613879;1.2516065239356495;0.5779749912761626;1.2516065239356495;-0.03021606597333028;5.255244485375504;0.3718648372844443;7.427379863157855;0.8036743892767361;0.505726966633683;1.8759748507782412;0.5744206785720497
69507382;1.3038501907701934;6.0166355449943705;183.24837234242696;2.031726439296268;0.8997386358711046;1.6744989402872033;0.8732859256597502;2.4528831087099054;1.1016206583052757;1.8966408487776376;1450271525.1383033;0.6884011520348128;1.2005656232205222;5018837228.293415;0.885129281481969;0.5384615384615384;5018837228.500285;1.7869754319097813;0.613700193064677;0.8469426074436597;3862985065.340092;0.8469426074436597;-168879141.10559225;1.4618923614677521;0.24528831087099054;2.031726439296268;4343172826.670996;0.6126670748365021;1.449430927874035;0.5659439993076577
69507424;0.8530912906901511;6.802597814847581;4.3000042295868;2.1569782404029096;0.9389931070352682;-0.6935338977011157;1.2733967925216496;2.608179022775772;0.9650384658321041;3.944405892272444;6881051258.301832;0.7566740729555564;0.934690570841261;-3351531974.2345686;0.923140319357862;0.46153846153846156;3351531975.010404;1.9852617303960258;0.7114465580873296;1.2901766429157098;15902077190.829685;1.2901766429157098;-6881051257.9020405;1.4795041395563562;0.3725970032536817;2.1569782404029096;20622835019.799507;0.7091860670583816;1.1302109098695015;0.4603611786294847
69507473;1.4615954178746744;15.294744535463991;7.564080588163962;3.263287761318164;1.4020462288557294;-1.2620661634242951;1.4213431138141563;3.9108495925391953;0.7375290331108021;6.067128731013709;1.2487670699483608;0.7640092857994489;1.0100652594556223;-756769123.9764848;0.6800033925154038;0.38461538461538464;756769126.1797767;2.611398950902519;0.7902294441623834;1.1702435837054264;1.5351715812356357;1.1702435837054264;-1.06063260085284;2.726234055244619;0.30083458404147656;3.263287761318164;2.658974925833363;0.7856815647525457;1.21050106435737;0.5937593998028345
69594910;0.7495605627021321;4247.655050011515;4.067813456560174;38.72554497267257;0.9183247903113368;-16.60431183742575;0.5387710686146414;65.17403662511258;0.16030375464030314;87.03086502129014;0.16512759059570614;0.15971429665284081;0.48500200832826923;-22236768556.26935;0.13720909494596434;0.6153846153846154;22236768556.856514;19.893996536564273;0.128726146036354;0.6295049342726214;0.2189438341631614;0.6295049342726214;-0.024142155575570923;18.7508157724885;0.17287542871382647;38.72554497267257;0.29929048652432677;0.12834836475194478;0.8162451600447626;0.428427902801183
69601980;0.9508862306476856;4.066565145379509;23.692576307650878;1.782524695572133;0.7712517258039365;0.7520312903848332;1.2131070844806937;2.016572623383425;0.5504819156113638;2.2167375609760405;0.7247567328261756;0.48981761867465595;0.8276007515156332;3253288293.058426;0.5157750651694719;0.46153846153846156;3253288293.1126075;1.7923699703804061;0.41015518203425627;1.1412116371680654;1.0647655747168823;1.1412116371680654;-0.23502369490335612;1.400932196648396;0.403314524676685;1.782524695572133;1.4674769781825074;0.40990233427794553;0.9362658608565902;0.48741244656383453
69604535;2.8560773363983802;119.24432245863657;17.601012629484575;9.321562284954714;2.745513188776268;7.578676740653364;1.780727298098081;10.919904874065368;1.6024903914590882;8.356659429911677;1.5374375169948302;0.9163591335651983;2.6928957712091397;2466133489.7778363;1.9999999999726317;0.5384615384615384;2466133493.103931;8.879286578742756;1.405340254084463;1.8005673803258413;1.7496213252701265;1.8005673803258413;0.6107265403246869;7.611099199107685;0.5747318354771247;9.321562284954714;1.9544374663214967;1.404535961521361;3.1546391858411065;0.7406691015865332
69654263;1.3670014020649335;4920.518767604937;1.3955513443908196;56.25017013665435;1.654125955892717;23.319629448580823;1.335396480957168;70.14640951328113;0.2637137034565075;76.68912180401598;0.26853708596851716;0.24232576728369087;1.4772771955080939;2.309832480551842;0.24146486244690346;0.3076923076923077;2.648776484254406;52.52012237137734;0.23223414405699522;1.3678581190242824;0.38221746353352903;1.3678581190242824;0.03633151087000427;37.88325290693256;0.3653458828816725;56.25017013665435;0.46257265192086633;0.22882273118600965;1.8422289367124338;0.5775245426016156
69707911;629401625.4114051;0.008099167009231061;732913115.3408891;0.08126687906751186;898954505.7773229;0.028830612406444942;11377363069.45166;0.08999537215452282;1.9999999967621023;0.10386579655568597;812668790.6751186;1.5707963251759476;inf;348739460.9451937;1.999999997209605;0.0;836925831.8512641;0.07474524834627477;762652003.0787536;inf;899953721.5452282;inf;288306124.06444937;0.07128910970517771;inf;0.08126687906751186;1038657965.5568596;747452483.4627477;inf;0.9999999984111894
69725145;2.150420546238877;1297.4807331486004;2.6772785369931267;31.50098962204491;2.614784858818818;21.418000071478275;1.8202222776881647;36.02055986722861;0.18524222146029276;31.823834296241525;0.17475471547996443;0.17165469456774016;1.612255374356629;1.4238848107525617;0.17488104613908673;0.46153846153846156;4.724654952891468;29.284220443787788;0.16089445511518063;1.4765913640683206;0.19385174770023383;1.4765913640683206;0.1024302647784989;27.95003359013459;0.38731784803471625;31.50098962204491;0.18655647517441887;0.16080294691749797;1.8435719617085509;0.6825820599748665
69735624;1.367534777788699;9.919072855632539;1221.0586948608518;2.6422471338132416;1.2112018079225793;-2.092561597020687;1.4881621788083677;3.1494559618500046;1.0628071192448525;5.487197796146335;15655788811.813608;0.9137707127827299;1.4312171974821724;-13946412399.657963;1.0576004071686176;0.23076923076923078;13946412400.452726;2.2657587323063213;2.817050230076622;1.5618323536019525;26747355306.845047;1.5618323536019525;-15655788811.706923;1.74198428932988;0.5249093269750008;2.6422471338132416;39526282008.25208;2.5543329428131645;1.7059553126687526;0.5776197209934927
69735834;9.662514212366357;0.2625139274980382;60601934.65275013;0.40277502412428284;1829753666.6685631;-0.13072145882654393;1.6446646817928525;0.51236112996405;1.9323786237733926;0.7555242983567414;2809870354.071362;1.4466265143439987;2.6180376568078385;-1309070598.1690404;1.9999999989756687;0.0;3117111083.6222644;0.2708513583314798;1965726487.3397117;1.4641938878556957;3956178912.451219;1.4641938878556957;-2525094475.436906;0.21468843487295922;0.51236112996405;0.40277502412428284;6374947293.498239;1961318753.0520928;3.330347344766325;0.9062134896064005
69735841;3.785582975901762;0.3134137026020721;3575524.191570615;0.47815499571776765;2873083176.0732975;-0.0746499494902676;1.0413153239913848;0.5598336383266658;1.6159075836412062;0.8127863533859142;2553720162.8293242;1.2059158498837184;1.5540037360827448;-1231262622.4390018;1.999999999282869;0.15384615384615385;3399413669.315301;0.2952260490273292;2789150217.3518934;1.1683709999634928;4059022691.1741323;1.1683709999634928;-2553720162.4258194;0.41322550782680967;0.5598336383266658;0.47815499571776765;6229963285.590064;2789063742.1906643;1.819459324561664;0.7910390426755547
69735855;1.588298268706971;1.0590320978253869;2131.4584119137467;0.7178997911594813;1.2251041990308749;-0.004648867077802341;0.9507321558508601;1.0290928518969447;1.7556302359039895;1.3048789714384923;2918999298.9080353;1.2289540227564146;0.7777247737561047;-17401358.95332505;1.9999999989668524;0.38461538461538464;746082619.1515045;0.3796143179563191;1123054822.4695435;1.0507603406474433;6268250307.106035;1.0507603406474433;-2242366700.429132;0.37569487272461666;0.25727321297423617;0.7178997911594813;8098595959.102907;1123054822.4695435;1.1148505895550234;0.613645764056564
69739481;0.6876726568828856;31.752233006797223;0.6214309337855104;4.656062975937508;0.6481860733648919;2.1751655003621915;0.884291030312513;5.634911978620183;0.14446541728012025;5.9772669643476455;0.13829753840388342;0.13666707151053054;0.6305085279915376;0.12368886796664341;0.15208638665969815;0.6923076923076923;1.0903453331601818;4.026296329213244;0.15366388589454547;0.9508121906080449;0.15797414861592346;0.9508121906080449;0.04457868191892832;3.376666994664483;0.2683291418390563;4.656062975937508;0.1849168535277873;0.15313613691397032;0.7630609971048163;0.40746803242816654
69780921;5.606955914281613;7909.73294593265;7.4728432482872025;84.06836566821153;7.739489091820789;84.06836566821153;3.8825164163440227;88.93667941818298;1.1065287471261072;30.116951216267314;0.6998782514861573;0.6045682916610315;5.059670155957175;-9.75510196541846;1.1518632988456807;0.6153846153846154;14.179740488382569;91.05060213554327;0.7309051050863932;2.8798934037203265;0.7134759878120476;2.8798934037203265;0.6998782514861573;73.7273985142657;0.8311839197961026;84.06836566821153;0.14386367904662262;0.7308766348943999;5.35267052053879;0.8486443661840701
69888693;4444191.68165318;0.00462668170966643;266429393.86269698;0.0562919720422085;597225920.3071433;-0.0002544754673642575;7880876085.90919;0.06801971559530685;1.9999995818117213;0.09179309823643995;562919720.4220852;1.5707961177001635;inf;33000265.94786231;1.9999999961733417;0.0;570480466.3966142;0.05309279715301748;535051333.0187858;inf;680197155.9530685;inf;-2544754.673642593;0.02772259828806491;inf;0.0562919720422085;917930982.3643997;530927971.53017473;inf;0.9999997749872538
69899053;1466655732.3036642;0.3116492194898518;2570879303.157673;0.4195680290373834;3040152379.0628104;-0.20243838199440348;58739524065.233665;0.558255514518085;1.9999999987062507;0.8415113943604354;4195680290.373833;1.5707963261480218;inf;-1780596347.5967305;1.9999999993519952;0.0;4118915623.4442067;0.3087111326371622;3087468458.8096294;inf;5582555145.18085;inf;-2024383819.9440343;0.27033056791050314;inf;0.4195680290373834;8415113943.604353;3087111326.371622;inf;0.9999999993181767
69967135;3.2476631599797674;4659.124876531788;4.380693582650438;62.518929048981455;3.960183456710685;62.518929048981455;4.55867190981919;68.25778253453439;0.9714077433292362;28.429558587718773;0.6156978263941344;0.5287360641909171;3.5646757791085912;-4.579682217925972;0.8693799991921392;0.3076923076923077;11.912629556029616;55.35030033909615;0.6061532296753266;4.134550199243017;0.6749506978253956;4.134550199243017;0.6156978263941344;52.97624216268518;1.1975049567462173;62.518929048981455;0.2869796072839934;0.604770890546086;3.891891109425206;0.7645764359514884
69967156;1.3546004084480163;13.649832410084786;1.3967161302896125;3.1171447858872545;1.7775770895474203;-2.8878209599532805;2.0640553311858527;3.6945679598682153;0.3739278364010464;6.674746354782125;0.5173262247951655;0.4295327463166477;1.6209152886613722;0.547620665393392;0.3887207782537931;0.6923076923076923;1.7708426718986199;3.55735053864003;0.4925594946621438;2.0179435379462034;0.6575336607973382;2.0179435379462034;-0.49647860425590284;2.398122272734708;0.5277954228383165;3.1171447858872545;1.1432489596311086;0.48534015734431324;1.9211753391314719;0.5752994875851872
69967184;4.704884695318519;35.00685592547606;140.49567143294047;5.6096199119564805;4.434507424519333;-5.6096199119564805;5.609619911916413;5.916659186185736;1.2822659223624882;11.80529567066814;11323851447.93035;1.2264711430388657;4.289709344437308;-6269357206.844751;1.3551390789838034;0.46153846153846156;6269357210.240591;6.1441870378413395;4.315644955462504;4.630518249003462;30087275155.83873;4.630518249003462;-11323851447.93035;5.22019898578557;1.1833318372371473;5.6096199119564805;37271417648.695595;4.268056808436467;4.524504083553799;0.8247116193565474
69967240;1.9944400967404843;4.739089969988768;6373.386688320635;1.6450157568750117;2.090970447209288;-0.03642597493314746;1.4926994830806133;2.17694510036169;1.6913584132109354;2.854283310573904;8943829980.823997;1.2239817817776388;1.3365753024609468;-2569109575.0627975;1.9999999998433933;0.07692307692307693;4979507261.461605;1.302644251862061;10530188341.901033;1.326351250753215;11763874950.653748;1.326351250753215;-6705603558.4967165;1.2549453476927264;0.362824183393615;1.6450157568750117;19088050366.283638;10265443810.061619;1.7687678940438731;0.6660477526037263
69977460;75029068.30810843;7.393827385177705e-05;79304703.854279;0.008179191337483726;82450957.61985122;0.008179191337483726;1145086787.2477217;0.008598736759069733;1.999999972766743;0.0027532839250124447;81791913.37483725;1.5707963131782676;inf;83654236.08803394;1.999999975093088;0.0;83654236.08803394;0.008035373112593752;80381095.19548881;inf;85987367.59069732;inf;81791913.37483725;0.007751207315606358;inf;0.008179191337483726;27532839.250124447;80353731.12593752;inf;0.9999999866718325
70234612;0.7404301990187035;23.96235878366016;0.5926683422192341;3.65081616231612;1.2018699088277733;2.337950454722768;1.2466201529829517;4.895136237497396;0.3001979493268515;4.666405959254436;0.2828204440280732;0.26081373819460835;0.9492122022021912;0.5956501340445494;0.25286537487754135;0.38461538461538464;1.0328961668683059;2.665175698669417;0.22466945800479185;1.2314654059468;0.37041580627710935;1.2314654059468;0.08855014319861564;1.9943786315698786;0.2879491904410233;3.65081616231612;0.4242194352793149;0.22442033228155928;1.272735421749323;0.42542941362208947
70255584;11.977665806991693;1008.7547030541161;22124.17043946317;27.559923035025665;41.056830074450176;27.559923035025665;18.005816382799416;31.760898964829636;1.9999999999868439;16.382154538038055;122338514496.5691;1.425067811975806;18.85678944501756;101649911956.06223;1.9999999999921885;0.3076923076923077;101649911974.29335;25.649245197158283;50.65724326834612;14.69173496219396;204597338930.35516;14.69173496219396;122338514496.5691;21.696038363058094;3.9701123706037045;27.559923035025665;170182487021.38162;50.63215421313161;21.7311413969887;0.9229445406537398
70255703;11.591195633784718;410.0068645081014;1451082.9785072287;14.662908022183663;5902087184.589479;-12.81670592684279;12.60495601899277;20.248626237552546;1.7128813416927957;32.83074702250748;100756766010.24106;1.3727659496562865;17.328891298944328;-32182156621.178402;1.9999999999258578;0.15384615384615385;52064333040.14583;8.331426070760907;17383938259.57086;13.217358928745105;173348371307.14172;13.217358928745105;-82294745054.25052;6.615064949291947;3.374771039592091;14.662908022183663;247291674350.51202;17154850677.872906;23.93019464438028;0.920579424775452
70255710;1.5746126635502815;3567.280699949777;9.519601789487291;49.885560229125836;1.738821058195642;-46.20131179105811;1.5945156237616491;59.72671680202903;0.22288304900468084;107.17192890470538;0.2682274255444714;0.25163287029666975;1.5856046038597456;-36299928057.852745;0.19892555013104368;0.6153846153846154;36299928059.1469;48.611241622452866;0.22091252188951507;1.5458221175494655;0.3388095074050482;1.5458221175494655;-0.2527822791607413;30.665692426696243;0.3903706980524773;49.885560229125836;0.5891857221012166;0.2208991853216996;1.8984042015314855;0.611592060368008
70255724;1.1513190018477362;2529.4545458714683;1.1700992625020887;40.52466102325135;1.1871315202576644;39.11335494039297;1.1019469423634465;50.293682961893616;0.23794673336030536;32.8426143723358;0.20512350762219747;0.1997277737272822;1.320352364166084;0.4545122679020993;0.2284857656896983;0.8461538461538461;1.7032233796543232;34.81665037552288;0.20681694828427993;1.1726726444828524;0.23701804512373473;1.1726726444828524;0.1928624088989546;25.817263084878064;0.3698064923668648;40.52466102325135;0.14353978619135643;0.2045368151472211;1.6386412995103183;0.5351688898108022
70255731;1.187053763778435;1732.9823702774922;1.3846283858243473;31.089257174547225;1.499230751826225;-22.207067440991246;0.7352189196682223;41.62910484597876;0.11566862720503325;66.28874739677255;0.13459702074084023;0.1263537661034012;0.9164633634220272;-0.4652727171407451;0.07442824801573766;0.6153846153846154;4.542426842270241;22.94412688200896;0.07921015712556027;0.7733215550284132;0.22571415502275013;0.7733215550284132;-0.10917139707845061;22.095912195728456;0.19918231983721893;31.089257174547225;0.32561437587472325;0.07743866795873887;1.227161820856517;0.5427638695665337
70255745;0.8776786525819656;1583.7206759894623;3.2368464701972273;28.829367586261903;1.2069787362633795;24.296799128447727;0.9193875767826304;39.79598818963367;0.16277777761374496;33.04428924124217;0.14648997744832962;0.1438000644156168;0.8839192892014263;2355859439.8619547;0.13285490934912883;0.6923076923076923;2355859439.8622518;21.646212832837165;0.12465797445610721;0.9211304545341167;0.18015349259635421;0.9211304545341167;0.11134889918409495;13.514171509144761;0.22740564679790667;28.829367586261903;0.15142461566331933;0.12456737630395645;1.2201600152482022;0.4674275075637058
70255752;2.244462357951273;102209.4657451934;2.8232811108563167;249.33631888522456;2.1780042412502696;-249.20763280456927;2.3025781427393888;319.70215161176725;0.3842214576640957;557.5437413465054;0.5881600355013304;0.43938598756719205;2.4972050427641905;-4.117650423860182;0.29234386397686196;0.6923076923076923;5.554130930161332;202.17123317881703;0.385121438405168;2.4673035665321223;0.8266234746375853;2.4673035665321223;-0.5879580165364086;128.67702898973573;0.7249481895958441;249.33631888522456;1.3613374579429502;0.3525922824589706;3.2019475893320295;0.6917825236747535
70255766;2.22545149418383;18435.145584017333;3.196189387984553;117.11003968657126;3.7288869818882584;-115.30441062437626;2.026268342034351;135.7760862008378;0.2774010314038327;252.40248880750795;0.3438725563649713;0.3169957297660044;2.4051035006720793;9.16845311519596;0.3337262544383142;0.46153846153846156;11.041650780616855;124.28883787643684;0.4006046473474874;1.8887294451116083;0.41413046044084023;1.8887294451116083;-0.3393357999272966;87.20376349044341;0.5541881069421951;117.11003968657126;0.7505795072754002;0.4005756256584817;2.788450427505357;0.6899658848371426
70321594;37.346016590488894;7.6840805376770875;2945449114.209098;2.3539559050909205;23088669831.99195;1.3903093616090163;17.745206052806815;2.772017412946226;1.9220654743631853;2.6820814403469515;22349501168.74625;1.5321838580938858;30.601426766181966;17753927456.33193;1.999999999908996;0.07692307692307693;22568929262.275032;2.202808245217483;22053599754.009323;10.763470220307166;27360203308.513054;10.763470220307166;15093151498.253113;1.7265947816457297;2.772017412946226;2.3539559050909205;24850397905.252327;22028082452.174828;36.03622636830094;0.9739216719514998
70326942;1.6769648636633554;2772.935192326241;1.9041191639250814;42.52881354099132;2.6808027655371274;32.107024874746365;1.3319986343931662;52.65866683012627;0.4153069011387626;44.64357094753221;0.36375649720739706;0.3321907690412183;1.9331278882268783;1.2815168658292924;0.32841602714089013;0.38461538461538464;3.2469900598499857;38.06205427246588;0.2821037735877914;1.3859086476866704;0.43634468177258406;1.3859086476866704;0.16918683728749637;32.301096494434006;0.3631632195181122;42.52881354099132;0.46366581727800527;0.28208913322713663;2.39357576500574;0.6264426128359688
70326956;8675099109.589409;1.458429361828;9950993502.621649;1.1086177869438765;9980718763.833315;1.1086177869438765;155206490172.1427;1.2076544877687492;1.9999999997720501;0.49703300464589656;11086177869.438765;1.5707963266809217;inf;11146809541.6104;1.9999999998027003;0.0;11146809541.6104;1.0139342447520416;10140583155.870068;inf;12076544877.68749;inf;11086177869.438765;0.9975384812945565;inf;1.1086177869438765;4970330046.458965;10139342447.520416;inf;0.9999999998847275
70334880;38.5708596320229;179.90788652139622;90264102.01001297;12.363855750803319;99932524347.22107;-4.1855169005443305;86.54699025129588;13.412974559037835;1.981123642053414;21.675571111804437;103444142623.84929;1.560656970557872;40.18253119011079;-64734387170.98516;1.9999999999799876;0.15384615384615385;80962551663.20836;10.615581948664826;99932524347.32404;35.48739502485035;122970737283.3157;35.48739502485035;-62049583891.50378;11.30698275300946;6.706487279518917;12.363855750803319;204043273758.59937;99932524347.32404;43.59216731687296;0.9747288785409467
70410830;0.4043923970598274;2.557035741718422;0.31639078623301486;1.0581623140435135;0.31454191298270795;0.08333380509506805;0.9096483050493648;1.5990734009789613;0.6072724890116226;1.9415565874016627;2895959207.3520923;0.49454440090070595;0.491289645805917;0.3980087121880935;0.33702774060261215;0.7692307692307693;0.6559193537119155;0.7995950513764116;0.28843063722722784;1.1365291318158137;9993905797.21693;1.1365291318158137;-2895959207.0405087;0.6069779118209945;0.3198146801957923;1.0581623140435135;11604145452.357067;0.28842100806673043;0.7424269361688036;0.287948295580669
70410844;0.948693935364784;1.9415311578610412;426.98807023936786;0.9919344463109689;1.0344240350837681;0.2986490709517448;1.2151196967203048;1.3933883729459784;1.437050252735111;1.5850693512502496;2312653011.464871;0.9430453680412137;0.8596765201361731;-78764578.02704678;1.7368194138862099;0.46153846153846156;4392117349.547103;0.8373571593505819;0.9919210148078931;1.3493576478893694;7334260785.716059;1.3493576478893694;-2129626496.9177196;0.4920956192044849;0.4644627909819928;0.9919344463109689;8619561263.239466;0.9908600807360941;1.2076032565531816;0.4868357817243343
70410851;1.2166874626619855;0.8129055459794292;165.72845474822435;0.43010923619888347;1.0008608612339418;0.36421255998336777;0.7025117524499802;0.9016127472365446;1.8984436771624982;0.8586375525718103;341760866.1120903;1.3272013041219928;0.4659516725487904;-68038584.58980216;1.999999922558179;0.38461538461538464;81260491.8784922;0.003364379078710896;17582442.882744137;1.098654435331003;1007566196.6074471;1.098654435331003;-317205896.0430671;0.02295198597456038;0.30053758241218154;0.43010923619888347;1205222659.020529;17582442.882744137;0.97674714283959;0.5488764127356431
70603120;3.209979477465392;164.23539139570758;115.38694818356588;10.465350732247023;2.852457369586494;0.14874003232367297;1.6924164550478937;12.81543566936792;1.7106152680136761;17.072335106498844;16599266278.83705;1.2051589130924476;2.519436287392802;-7977997940.404656;1.9999999998947138;0.5384615384615384;10344697435.149496;10.700792762825571;9.794511265633595;1.8603582664752798;35345794100.47994;1.8603582664752798;-10326677649.953403;7.325572968805774;0.640771783468396;10.465350732247023;44848187374.99432;8.054884739734515;3.0851974759589433;0.7624691508942824
70640080;1.7288140953102582;11.656188174520727;1333.9808390441242;2.723033141791855;1.2023532257821077;1.2805035428593654;1.5248985593973394;3.414116016558419;0.6223136438559876;3.6094264079851053;0.5443002634120743;0.4714318768402067;1.106232213852941;555163138.6663501;0.603752008135717;0.15384615384615385;6551457583.115778;2.400009580720301;0.5211995456902249;1.2975269493855495;0.6219734779094237;1.2975269493855495;0.041381482772644654;1.9258339344413542;0.31037418332349265;2.723033141791855;0.828943828493447;0.5210133549396441;1.3869846317268577;0.6335404446500769
70755272;0.7412287966587564;11681.741273580152;0.6241893668164499;84.71166320330865;0.9592224464832837;-52.246813533909055;1.024147914374973;108.08210431695042;0.12172897370418793;172.7459017415173;0.13356709766836714;0.13053698524826743;0.7327023430758566;0.9466143025607597;0.0815269302924998;0.6153846153846154;1.1264543890487522;55.42230680268449;0.08501072262815529;0.9921278404021359;0.17884865295336522;0.9921278404021359;-0.09335934003923482;55.26912178901686;0.23193584617371335;84.71166320330865;0.28375649825140237;0.08499292831165497;0.9348418869729577;0.4256929348291851
70769104;10.735489104044184;6.765794821829475;373945385.1201336;2.0909490655331266;16461524513.119556;1.3412869046662497;15.762539108554822;2.601114150095969;1.873784289336853;2.4400871143481524;20760439324.324337;1.473290861559332;13.591168925965322;14853706896.131622;1.9999999998891513;0.07692307692307693;18978719376.73457;1.8045168069850155;18046435297.766853;10.09986970623718;26005162064.34861;10.09986970623718;13263817715.655565;1.324338045792105;2.601114150095969;2.0909490655331266;24481617920.382008;18045168069.850155;16.907241975623798;0.9147883832421276
70815633;0.9526000526683176;1039.067591508125;0.9287730177937596;25.6877261818317;1.0379009143475564;16.020504249763434;0.7760163889700874;32.23457137155891;0.15962127378792396;30.712221332950946;0.15893266907950604;0.1531094573148059;0.9354073959770648;0.988583981508747;0.11166607513891337;0.46153846153846156;1.3648548049398421;19.407841851516622;0.10611749143644568;0.8111621575877801;0.21660240852780724;0.8111621575877801;0.051480667090868105;17.421676766918647;0.21780115791593857;25.6877261818317;0.24516429003081805;0.10571623995026591;1.1738079210931815;0.48786235121040067
70915145;0.5792620917117389;1613.459548731743;0.5072470749556977;30.97604638217839;0.5047882088048717;27.38191928532871;0.698975948757309;40.16789201254832;0.10019317327763158;30.725220314670015;0.09396663629915866;0.09328026055006901;0.5263903306775413;-1.6656084671986884;0.0826442827883149;0.8461538461538461;2.4253548405973757;23.098936597478342;0.07944343182017255;0.6509048073722932;0.11293881878338709;0.6509048073722932;0.07953239093029027;20.20620927503689;0.16328411387214764;30.97604638217839;0.08455026829168052;0.07935767002379156;0.6825916289714093;0.36679288051794195
70968513;3.3214990289010977;0.5520182619812867;819135.2742372275;0.638286279766643;4084261265.9344497;0.049249463443966614;0.9928897685148572;0.7429793146388981;1.339399675605922;0.9826103275856811;2945184081.8528943;1.002355690455371;1.6595443273932717;-193537212.6343546;1.6390569510492181;0.15384615384615385;3834506209.5292964;0.5595739520057892;2888008837.2798023;1.0350088694714055;4326575094.05328;1.0350088694714055;-2945184081.3738694;0.5459360218320236;0.37148965731944905;0.638286279766643;6941414831.259788;2042130633.357118;1.9317462180611351;0.7685988141354998
70968520;3.0341803519051758;0.45526482777591804;444447.6895914015;0.4755894590439959;1650995995.9869688;0.26146996226037345;0.863106796031619;0.6747331530137807;1.8133581594115504;0.6826665047501305;1070597484.2212152;1.2610159889158195;1.0304438279286579;512063084.8602829;1.9999999987859882;0.23076923076923078;2047006945.2083738;0.1687650682520972;1647442191.0566716;1.0835608102581817;1335361611.6995664;1.0835608102581817;-1070597483.6150097;0.31294039417442565;0.33736657650689034;0.4755894590439959;2371370680.1230354;1647438349.6891246;1.4619218315298579;0.7521181720277474
74457012;1.9381002530608191;26.438864719027357;11.487083782864032;4.648815852851785;1.8646408010544584;4.2972473131050375;1.9304404812632354;5.141873658407736;1.4829158883581195;2.9527800410473635;1757842699.5033529;0.7513099041902905;1.5496052842839283;3408547779.888723;1.5605580404802204;0.46153846153846156;3408547781.852117;4.440104455962181;0.8765503573894166;1.692505753053131;6577245118.503716;1.692505753053131;-1757842697.9641154;3.95233699595108;0.428489471533978;4.648815852851785;7521367546.31996;0.8764963967170587;1.7139578861359122;0.6596440169261645
74493160;3.1756783657775407;1369.6602011121736;23.47045991570365;32.77801061094235;3.982149941299257;-32.77801061094235;3.1126405425098556;37.008920561294055;0.7063452949591734;70.32887466929077;2.171417315634142;0.7488929381367017;3.2281374086534136;-15185402543.124458;0.6105461667632116;0.46153846153846156;15185402551.343353;32.53841526166095;0.8808083009778476;2.7539194033346153;4.028057637514997;2.7539194033346153;-2.171417315634142;27.25768600199538;0.7552840930876338;32.77801061094235;5.7189678284614605;0.8795799448857771;3.6448179340668383;0.7605179536346323
74493174;1.0627047139042973;10.283150113823265;180.89242193612924;2.7535035873472427;0.7452968245371608;-0.061638184103772975;0.8876426038138435;3.206735117502421;0.3348746762701409;4.427720689720513;0.3999194485339562;0.3413647206781517;1.052810195162181;9725023176.68732;0.3493863524545202;0.3076923076923077;9725023176.877047;2.8307333273196855;0.29814606968120394;0.9233521981653324;0.5480512422115449;0.9233521981653324;-0.18918363201707097;2.113414290224434;0.32067351175024206;2.7535035873472427;0.811578243904867;0.2970418132997707;1.2261046037509256;0.5151996341215533
74493384;1.4291785151553882;7793.495526693789;1.5537928461598352;74.46830622187613;1.3411219563724044;71.21441435461057;0.9979343647946345;88.28077665434185;0.18975847712060753;54.24748656318963;0.1698852431136722;0.1671268175520668;1.4601628670956104;2.6053696555669457;0.19573012229586478;0.7692307692307693;3.7066247914678945;78.08988865631093;0.17831983652956115;1.0181433819477825;0.19031643036074958;1.0181433819477825;0.1556761083221257;49.84076141641441;0.2942692555144728;74.46830622187613;0.11456294697086576;0.1782734066107562;1.7309956206733692;0.5883382000288964
74493405;1.167931404569794;439.1510431643537;1.2231768395477973;16.718331653239083;1.152128757084759;-5.064098062778226;0.8962781739698045;20.955930978230334;0.1487769314260959;30.92388021268968;0.16314020725924488;0.15743444434352946;1.0108758674051537;-1.260418438837458;0.12008565105511895;0.5384615384615384;2.5301544791017885;14.587359908989484;0.11368822458721674;0.9366951635308572;0.21995727659025963;0.9366951635308572;-0.07339628538303349;11.98069201245289;0.3081754555622108;16.718331653239083;0.3264272585194508;0.11322848117690998;1.2671028033348573;0.5387307929152672
74493412;2.9454202110496968;4165.272052604762;22.16560301780761;58.597315807007746;4.17838484076789;-58.597315807007746;2.8191148498207097;64.53891889863637;0.5555081964601644;124.81583860524181;0.8834770059957332;0.6360523025477379;2.6635143548639886;-36828094740.17485;0.5110636744321847;0.38461538461538464;36828094744.86384;49.25035634279297;0.6994446861784024;2.38898476863252;1.0722135357356017;2.38898476863252;-0.8834770059957332;50.298807773428464;0.7418266540073146;58.597315807007746;1.9390186687754978;0.6908976724167036;2.9335872226652895;0.7465415731385566
74508273;3.023560730877127;7.582845218492639;373178.9601713321;2.403781880899896;17419786179.82415;-2.403781880899896;2.908279312668568;2.7536966460546517;1.500029107210265;5.180160830280851;17902599581.546684;1.253025743996801;3.1249164451698648;-16400899266.151646;1.9999999998970783;0.38461538461538464;16400899266.887754;2.216355503167329;19826067994.074364;3.076764847826176;24486273928.374054;3.076764847826176;-17902599581.546684;1.9246359251602216;1.3768483230273258;2.403781880899896;41002078340.54776;19695076220.617355;3.5798056398710476;0.7514639229064147
74508280;10354566512.128859;7.192687085065758;14491604925.477411;2.0446459397204957;17246299161.911224;-0.5830418611014319;286250431560.8694;2.6819185455687795;1.9999999998117135;3.849124718945906;20446459397.204956;1.5707963267007534;inf;-5048561504.682516;1.9999999998840217;0.0;20788913120.580124;1.7244601054381308;17244601137.989193;inf;26819185455.687794;inf;-5830418611.014318;1.459411005589885;inf;2.0446459397204957;38491247189.45906;17244601054.38131;inf;0.9999999999034243
74648364;1.231311981142544;204891.79043695828;1.1774609526618538;264.81931875562213;2.0357332125312197;256.5122087151004;0.9543038513715867;452.6497436616509;0.46599676028175524;387.1266930486295;0.33242526190577315;0.30280375119364467;1.468707825863092;-0.04853297973134037;0.28683438859721;0.6923076923076923;2.019646350858996;104.06645235240342;0.25243250154597247;1.2505051669334448;0.41918662643740423;1.2505051669334448;0.3068275624122409;104.66343375094186;0.36533474064701443;264.81931875562213;0.29758169366578163;0.2502222145716554;2.510429465700282;0.5518331777665848
75943840;7.85856718420037;19160.53927840212;91.86277867162333;117.68306343339862;11.37497902762472;25.981359810334034;10.260622968386018;138.42159975380332;1.6544988182426164;170.18676377948077;22.72889544297942;1.3216496957047572;13.419998461703349;-62213525531.00776;1.9807520024475709;0.46153846153846156;62213525563.06552;114.63625258587692;11.809344360879377;9.643692744550158;35.72584574303112;9.643692744550158;-3.0956483744892225;83.68107187742525;3.0091652120392025;117.68306343339862;45.633355799723695;10.851529622728341;15.784919270170551;0.8871149273684414
80055430;2.1412691606118934;126060.82480907897;3.5851769108876357;158.6924328130925;3.4677295603750498;58.507828933878855;0.7774374332974667;355.0504538922306;1.1150693149779272;377.9951760617517;4.548508255107369;1.0019136181477502;0.7394271062975636;3.4494726684411487;1.0878492557763264;0.6153846153846154;21.15527864812868;61.44902946252802;1.482644161149992;1.0013873093151298;7.123508763999357;1.0013873093151298;-4.311695088044477;71.81378489577556;0.25506498124441856;158.6924328130925;10.916452375436004;1.4670085120045209;1.6543569536197125;0.6816573337493919
80055451;1.4796820358030252;30062.43461685218;1.6523086581477953;113.47765078053988;2.293182537153912;93.02813292176018;1.0125475531723753;173.38522029530714;0.48817209970393366;153.31450188730977;0.403766281982996;0.3755476001221042;0.9834729734313455;1.3346913607120063;0.46738234937415896;0.7692307692307693;4.873130765898062;71.0913164385841;0.4358691064919708;1.0110760262263894;0.44022107678134903;1.0110760262263894;0.2005693273498327;63.08941019725962;0.26633674392520296;113.47765078053988;0.45808779914034703;0.43488730919813007;1.502671909225995;0.5967224887862859
80104514;13488273464.424229;1.8193222019585955;13488225242.627739;1.3488225242627718;13488225242.627718;-1.3488225242627718;188835153396.78806;1.3488225242627718;1.9999999998517233;2.7994785683392673;13488225242.627718;1.5707963267207579;inf;-13488225242.627718;1.9999999998517226;1.0;13488225242.627718;1.3488225242627718;13488225242.627718;inf;13488225242.627718;inf;-13488225242.627718;1.3488225242627718;inf;1.3488225242627718;27994785683.392673;13488225242.627718;inf;0.9999999999258615
80104521;9.70864706031944;59545.88067604788;2125.9640015314835;229.69849755720716;234.20654666085318;-222.3352233325476;4.945178550220306;244.0202464469862;1.6718550334279954;480.5656759313894;761088143986.0964;1.3652661708864895;9.887683669681103;-482494645276.79144;1.9846702933175466;0.38461538461538464;482494645368.31274;237.2006741533803;261.5529887285901;3.8097993787411903;1433944255681.925;3.8097993787411903;-761088143986.0643;207.21130649933065;1.0655905958383676;229.69849755720716;2021337383632.7048;260.6756094172374;10.504182794075565;0.9066175218617981
80126506;2.322458365107357;9706.154559464283;2.6394654865143687;79.59023061765232;2.533379347152865;-25.18324470526114;1.2930773541991083;98.51981810511164;0.37013736229084404;146.94115993393288;0.42211898125978314;0.3871862881039146;1.8476303536240717;-1.6639517319333144;0.3200600776845444;0.6153846153846154;3.851414486857266;60.47066525931699;0.34807308197207637;1.0391606708736982;0.4674935678764175;1.0391606708736982;-0.29455126571777673;67.13500691779532;0.26771689702475987;79.59023061765232;0.833698175915304;0.3479584796707044;2.28706720601152;0.6990180492547158
80126507;0.9302262335855142;76.87421005779879;0.9602560227602189;7.09264270610865;0.9354028279886385;5.413292323633074;0.8206363461606531;8.767793910545503;0.28041827623742915;7.3666071711025225;0.2559560165094453;0.24770647927663053;0.8865803382635813;0.9852127442111216;0.2817695923883381;0.46153846153846156;1.517107880379665;6.052853753086065;0.25665663217364054;0.8104944801296563;0.2803906651844014;0.8104944801296563;0.1452644913459406;5.488112569501864;0.21919484776363757;7.09264270610865;0.2741106921095517;0.25659421226630436;1.095974238818188;0.48192601333448964
80126509;0.8884053595490159;2389.433439621794;0.9087799968391091;40.952171037562735;0.5158229599503011;-21.07123914956402;0.7185877818586651;48.88183138571829;0.1287254504126558;78.98040469825389;0.13800513899582906;0.13593455756018927;0.9489807905317568;0.2130059156598991;0.139045699785608;0.6153846153846154;2.2355201865598953;37.99577780554975;0.1369517043327265;0.6820682640844101;0.16764299959897472;0.6820682640844101;-0.07936653725946864;25.424844493516556;0.20115979994122754;40.952171037562735;0.2727041270772151;0.13131963198436206;1.1327340606316183;0.4704526785293506
80127294;3.6339178379830077;535710.6670060473;6.2467124002301695;626.6787188101224;6.546677665360673;601.1640264854947;1.4711472822160434;731.9225826588815;0.9398598367449292;434.0762709534434;0.6726011508728644;0.5781911095435504;4.483667223187447;23.012528313996366;1.13962835502698;0.6153846153846154;28.14324929780794;732.2949402840641;0.7297127971058012;1.4665038627851636;0.7057061988354354;1.4665038627851636;0.413090377118805;372.51909262761774;0.5478462445051508;626.6787188101224;0.6519867799163784;0.7297126931740081;5.236650288698657;0.7841998855043862
80127708;1.0654511228881482;55.97213351615433;1.0809535549466847;6.095145056130554;1.1515681674173481;-5.679343286617704;1.008993607263662;7.481452634091479;0.21358062935483638;13.222884496071638;0.2595225198507086;0.23900071646826868;0.9432962586868714;0.6857255971443084;0.16579293351736327;0.6153846153846154;1.6803787113739028;4.674954143149854;0.1808577457572043;1.041174948619601;0.35118526340413375;1.041174948619601;-0.2465287145534727;4.704611510242478;0.31172719308714497;6.095145056130554;0.585793050596155;0.18079008319416645;1.157843860037967;0.5158442681511212
80139255;2.1951524711388144;10.505151064590077;1679.6683396631731;2.590943784965649;1.9502971199563757;2.590943784965649;2.151800770551927;3.241165078268936;1.8099981383865342;2.020857760539613;0.9385362458016794;0.7486458332355529;1.684113460227672;6024525541.779493;1.9109277631182162;0.23076923076923078;6024525542.344324;1.9621233359428767;0.9772247392271719;1.7005491548005234;0.9476514736306912;1.7005491548005234;0.9385362458016794;2.138125146081275;0.405145634783617;2.590943784965649;0.13607193546422677;0.9772246935558593;2.106757300874808;0.6870258903032629
82000784;8462501859.019009;1.2349324223514249;8963655411.80821;0.9811205950989906;8113270390.942517;-0.9811205950989906;137356883313.85869;1.1112751335071909;1.9999999997657105;2.107097055963865;9811205950.989904;1.5707963266777518;inf;-9825121925.476841;1.9999999997607216;0.0;9825121925.476841;0.8366106428525086;8369926094.972956;inf;11112751335.071907;inf;-9811205950.989904;0.900970311066068;inf;0.9811205950989906;21070970559.63865;8366106428.525087;inf;0.9999999998818316
82006839;3.6641047274506153;1884.8316996460187;28.83008366328788;37.51371010424704;3.709808083785714;37.51371010424704;2.437893627463199;43.41464844549612;1.9913764285137314;22.67792141141052;0.9978261874718543;0.7843066920110517;2.7552442449446977;14587693722.938112;1.995324918283796;0.3076923076923077;14587693725.294613;29.465138428194003;0.9988298613230051;1.9879052512073603;0.9978329265268832;1.9879052512073603;0.9978261874718543;33.221983157185;0.5107605699470131;37.51371010424704;0.0038057041421866275;0.9988298606965205;3.18864649599689;0.7855965810299039
82010151;0.8729871597247753;147072.87360029464;5.054969596320307;161.38823998032655;0.8302035424606952;160.53781601094553;0.6650427852187173;383.50081303733197;1.3663960169284546;361.43058598630114;0.9308373694704128;0.6947478933249833;1.8468724645635959;4575113667.811407;1.3742520915752023;0.7692307692307693;4575113668.850332;6.009283907691053;0.8503943436340928;1.1022942650052223;1.0829113352782802;1.1022942650052223;0.7877286949374326;13.446869655510552;0.36910569108501634;161.38823998032655;0.7853097274138797;0.8502585228048727;4.38865367032158;0.466093510140804
